,millis,ssm,system:index,date
0,1427976000000,80.47831422891352,NASA_USDA_SMAP_SM20150402_20150404,2015-04-02 12:00:00
1,1428235200000,69.30579941154414,NASA_USDA_SMAP_SM20150405_20150407,2015-04-05 12:00:00
2,1428494400000,60.88738646966348,NASA_USDA_SMAP_SM20150408_20150410,2015-04-08 12:00:00
3,1428753600000,52.467741295536904,NASA_USDA_SMAP_SM20150411_20150413,2015-04-11 12:00:00
4,1429012800000,48.52492666025234,NASA_USDA_SMAP_SM20150414_20150416,2015-04-14 12:00:00
5,1429272000000,44.39629974544811,NASA_USDA_SMAP_SM20150417_20150419,2015-04-17 12:00:00
6,1429531200000,41.058886304472644,NASA_USDA_SMAP_SM20150420_20150422,2015-04-20 12:00:00
7,1429790400000,41.89260228428092,NASA_USDA_SMAP_SM20150423_20150425,2015-04-23 12:00:00
8,1430049600000,100.15207956866074,NASA_USDA_SMAP_SM20150426_20150428,2015-04-26 12:00:00
9,1430308800000,62.11185167759421,NASA_USDA_SMAP_SM20150429_20150501,2015-04-29 12:00:00
10,1430568000000,73.33331205588713,NASA_USDA_SMAP_SM20150502_20150504,2015-05-02 12:00:00
11,1430827200000,88.65692534053642,NASA_USDA_SMAP_SM20150505_20150507,2015-05-05 12:00:00
12,1431086400000,72.766449937411,NASA_USDA_SMAP_SM20150508_20150510,2015-05-08 12:00:00
13,1431345600000,57.25736391598196,NASA_USDA_SMAP_SM20150511_20150513,2015-05-11 12:00:00
14,1431604800000,86.43698820882445,NASA_USDA_SMAP_SM20150514_20150516,2015-05-14 12:00:00
15,1431864000000,72.4994728572881,NASA_USDA_SMAP_SM20150517_20150519,2015-05-17 12:00:00
16,1432123200000,55.07674366393306,NASA_USDA_SMAP_SM20150520_20150522,2015-05-20 12:00:00
17,1432382400000,48.769382061610095,NASA_USDA_SMAP_SM20150523_20150525,2015-05-23 12:00:00
18,1432641600000,40.864367208398924,NASA_USDA_SMAP_SM20150526_20150528,2015-05-26 12:00:00
19,1432900800000,35.157412167667225,NASA_USDA_SMAP_SM20150529_20150531,2015-05-29 12:00:00
20,1433160000000,31.51941554123617,NASA_USDA_SMAP_SM20150601_20150603,2015-06-01 12:00:00
21,1433419200000,84.60821622434791,NASA_USDA_SMAP_SM20150604_20150606,2015-06-04 12:00:00
22,1433678400000,60.43127938418774,NASA_USDA_SMAP_SM20150607_20150609,2015-06-07 12:00:00
23,1433937600000,59.18105527509427,NASA_USDA_SMAP_SM20150610_20150612,2015-06-10 12:00:00
24,1434196800000,43.258478949761646,NASA_USDA_SMAP_SM20150613_20150615,2015-06-13 12:00:00
25,1434456000000,39.54450334885268,NASA_USDA_SMAP_SM20150616_20150618,2015-06-16 12:00:00
26,1434715200000,30.451040337567363,NASA_USDA_SMAP_SM20150619_20150621,2015-06-19 12:00:00
27,1434974400000,32.58670771172368,NASA_USDA_SMAP_SM20150622_20150624,2015-06-22 12:00:00
28,1435233600000,40.43952039956631,NASA_USDA_SMAP_SM20150625_20150627,2015-06-25 12:00:00
29,1435492800000,52.140230233288236,NASA_USDA_SMAP_SM20150628_20150630,2015-06-28 12:00:00
30,1435752000000,85.34522952600419,NASA_USDA_SMAP_SM20150701_20150703,2015-07-01 12:00:00
31,1436011200000,148.41890054102353,NASA_USDA_SMAP_SM20150704_20150706,2015-07-04 12:00:00
32,1436270400000,111.7106310804067,NASA_USDA_SMAP_SM20150707_20150709,2015-07-07 12:00:00
33,1436529600000,124.6923959340934,NASA_USDA_SMAP_SM20150710_20150712,2015-07-10 12:00:00
34,1436788800000,146.0627962063815,NASA_USDA_SMAP_SM20150713_20150715,2015-07-13 12:00:00
35,1437048000000,132.06393752130893,NASA_USDA_SMAP_SM20150716_20150718,2015-07-16 12:00:00
36,1437307200000,152.74656743972355,NASA_USDA_SMAP_SM20150719_20150721,2015-07-19 12:00:00
37,1437566400000,109.61461936525633,NASA_USDA_SMAP_SM20150722_20150724,2015-07-22 12:00:00
38,1437825600000,104.23436302405435,NASA_USDA_SMAP_SM20150725_20150727,2015-07-25 12:00:00
39,1438084800000,109.74409988175604,NASA_USDA_SMAP_SM20150728_20150730,2015-07-28 12:00:00
40,1438344000000,126.37405066128561,NASA_USDA_SMAP_SM20150731_20150802,2015-07-31 12:00:00
41,1438603200000,96.66222232078321,NASA_USDA_SMAP_SM20150803_20150805,2015-08-03 12:00:00
42,1438862400000,118.65447037592405,NASA_USDA_SMAP_SM20150806_20150808,2015-08-06 12:00:00
43,1439121600000,128.40895636131125,NASA_USDA_SMAP_SM20150809_20150811,2015-08-09 12:00:00
44,1439380800000,112.9491360467298,NASA_USDA_SMAP_SM20150812_20150814,2015-08-12 12:00:00
45,1439640000000,96.19462848044587,NASA_USDA_SMAP_SM20150815_20150817,2015-08-15 12:00:00
46,1439899200000,79.43623373999613,NASA_USDA_SMAP_SM20150818_20150820,2015-08-18 12:00:00
47,1440158400000,89.5312014198163,NASA_USDA_SMAP_SM20150821_20150823,2015-08-21 12:00:00
48,1440417600000,135.01815463768895,NASA_USDA_SMAP_SM20150824_20150826,2015-08-24 12:00:00
49,1440676800000,123.52332444531423,NASA_USDA_SMAP_SM20150827_20150829,2015-08-27 12:00:00
50,1440936000000,150.5275416230489,NASA_USDA_SMAP_SM20150830_20150901,2015-08-30 12:00:00
51,1441195200000,147.63353902113855,NASA_USDA_SMAP_SM20150902_20150904,2015-09-02 12:00:00
52,1441454400000,153.37638422736464,NASA_USDA_SMAP_SM20150905_20150907,2015-09-05 12:00:00
53,1441713600000,153.3780100560256,NASA_USDA_SMAP_SM20150908_20150910,2015-09-08 12:00:00
54,1441972800000,121.60037659729313,NASA_USDA_SMAP_SM20150911_20150913,2015-09-11 12:00:00
55,1442232000000,150.47440735162255,NASA_USDA_SMAP_SM20150914_20150916,2015-09-14 12:00:00
56,1442491200000,115.5261181636447,NASA_USDA_SMAP_SM20150917_20150919,2015-09-17 12:00:00
57,1442750400000,143.7181492126642,NASA_USDA_SMAP_SM20150920_20150922,2015-09-20 12:00:00
58,1443009600000,129.77826116592897,NASA_USDA_SMAP_SM20150923_20150925,2015-09-23 12:00:00
59,1443268800000,107.62324556123492,NASA_USDA_SMAP_SM20150926_20150928,2015-09-26 12:00:00
60,1443528000000,93.88263160086166,NASA_USDA_SMAP_SM20150929_20151001,2015-09-29 12:00:00
61,1443787200000,84.8551669786458,NASA_USDA_SMAP_SM20151002_20151004,2015-10-02 12:00:00
62,1444046400000,177.84034934762278,NASA_USDA_SMAP_SM20151005_20151007,2015-10-05 12:00:00
63,1444305600000,134.31170440960537,NASA_USDA_SMAP_SM20151008_20151010,2015-10-08 12:00:00
64,1444564800000,114.99326152073185,NASA_USDA_SMAP_SM20151011_20151013,2015-10-11 12:00:00
65,1444824000000,103.0525323342078,NASA_USDA_SMAP_SM20151014_20151016,2015-10-14 12:00:00
66,1445083200000,146.2253817009017,NASA_USDA_SMAP_SM20151017_20151019,2015-10-17 12:00:00
67,1445342400000,185.8645074377334,NASA_USDA_SMAP_SM20151020_20151022,2015-10-20 12:00:00
68,1445601600000,149.23883464819355,NASA_USDA_SMAP_SM20151023_20151025,2015-10-23 12:00:00
69,1445860800000,137.28329809435863,NASA_USDA_SMAP_SM20151026_20151028,2015-10-26 12:00:00
70,1446120000000,167.14297283018513,NASA_USDA_SMAP_SM20151029_20151031,2015-10-29 12:00:00
71,1446379200000,146.0557247442512,NASA_USDA_SMAP_SM20151101_20151103,2015-11-01 12:00:00
72,1446638400000,204.63705341037402,NASA_USDA_SMAP_SM20151104_20151106,2015-11-04 12:00:00
73,1446897600000,169.20773454745793,NASA_USDA_SMAP_SM20151107_20151109,2015-11-07 12:00:00
74,1447156800000,160.1611103262807,NASA_USDA_SMAP_SM20151110_20151112,2015-11-10 12:00:00
75,1447416000000,148.59721655381122,NASA_USDA_SMAP_SM20151113_20151115,2015-11-13 12:00:00
76,1447675200000,195.62748896053938,NASA_USDA_SMAP_SM20151116_20151118,2015-11-16 12:00:00
77,1447934400000,165.54006893966803,NASA_USDA_SMAP_SM20151119_20151121,2015-11-19 12:00:00
78,1448193600000,156.88416129789252,NASA_USDA_SMAP_SM20151122_20151124,2015-11-22 12:00:00
79,1448452800000,151.28336155564358,NASA_USDA_SMAP_SM20151125_20151127,2015-11-25 12:00:00
80,1448712000000,142.7047075373953,NASA_USDA_SMAP_SM20151128_20151130,2015-11-28 12:00:00
81,1448971200000,128.2180975093698,NASA_USDA_SMAP_SM20151201_20151203,2015-12-01 12:00:00
82,1449230400000,120.5628647272364,NASA_USDA_SMAP_SM20151204_20151206,2015-12-04 12:00:00
83,1449489600000,110.93153087373798,NASA_USDA_SMAP_SM20151207_20151209,2015-12-07 12:00:00
84,1449748800000,139.39359557164994,NASA_USDA_SMAP_SM20151210_20151212,2015-12-10 12:00:00
85,1450008000000,168.48590314820876,NASA_USDA_SMAP_SM20151213_20151215,2015-12-13 12:00:00
86,1450267200000,148.5368066920892,NASA_USDA_SMAP_SM20151216_20151218,2015-12-16 12:00:00
87,1450526400000,143.03911839182902,NASA_USDA_SMAP_SM20151219_20151221,2015-12-19 12:00:00
88,1450785600000,171.76039341564635,NASA_USDA_SMAP_SM20151222_20151224,2015-12-22 12:00:00
89,1451044800000,177.5616399120856,NASA_USDA_SMAP_SM20151225_20151227,2015-12-25 12:00:00
90,1451304000000,164.52396433006,NASA_USDA_SMAP_SM20151228_20151230,2015-12-28 12:00:00
91,1451563200000,149.08941884796477,NASA_USDA_SMAP_SM20151231_20160102,2015-12-31 12:00:00
92,1451822400000,158.29964435534615,NASA_USDA_SMAP_SM20160103_20160105,2016-01-03 12:00:00
93,1452081600000,247.14717655529194,NASA_USDA_SMAP_SM20160106_20160108,2016-01-06 12:00:00
94,1452340800000,217.8232825256956,NASA_USDA_SMAP_SM20160109_20160111,2016-01-09 12:00:00
95,1452600000000,207.54792878829724,NASA_USDA_SMAP_SM20160112_20160114,2016-01-12 12:00:00
96,1452859200000,201.30386668547592,NASA_USDA_SMAP_SM20160115_20160117,2016-01-15 12:00:00
97,1453118400000,187.39172552716,NASA_USDA_SMAP_SM20160118_20160120,2016-01-18 12:00:00
98,1453377600000,177.17349752771506,NASA_USDA_SMAP_SM20160121_20160123,2016-01-21 12:00:00
99,1453636800000,165.15249496520997,NASA_USDA_SMAP_SM20160124_20160126,2016-01-24 12:00:00
100,1453896000000,151.45557703006145,NASA_USDA_SMAP_SM20160127_20160129,2016-01-27 12:00:00
101,1454155200000,176.46655194638655,NASA_USDA_SMAP_SM20160130_20160201,2016-01-30 12:00:00
102,1454414400000,191.7715888030418,NASA_USDA_SMAP_SM20160202_20160204,2016-02-02 12:00:00
103,1454673600000,173.75019453449843,NASA_USDA_SMAP_SM20160205_20160207,2016-02-05 12:00:00
104,1454932800000,155.2440561342627,NASA_USDA_SMAP_SM20160208_20160210,2016-02-08 12:00:00
105,1455192000000,143.00470746904367,NASA_USDA_SMAP_SM20160211_20160213,2016-02-11 12:00:00
106,1455451200000,132.61664851070572,NASA_USDA_SMAP_SM20160214_20160216,2016-02-14 12:00:00
107,1455710400000,122.8815068595594,NASA_USDA_SMAP_SM20160217_20160219,2016-02-17 12:00:00
108,1455969600000,112.75463169742206,NASA_USDA_SMAP_SM20160220_20160222,2016-02-20 12:00:00
109,1456228800000,103.87240424713701,NASA_USDA_SMAP_SM20160223_20160225,2016-02-23 12:00:00
110,1456488000000,92.55549074406446,NASA_USDA_SMAP_SM20160226_20160228,2016-02-26 12:00:00
111,1456747200000,84.17653225378842,NASA_USDA_SMAP_SM20160229_20160302,2016-02-29 12:00:00
112,1457006400000,75.54884746959662,NASA_USDA_SMAP_SM20160303_20160305,2016-03-03 12:00:00
113,1457265600000,71.17697291879661,NASA_USDA_SMAP_SM20160306_20160308,2016-03-06 12:00:00
114,1457524800000,63.96320185564252,NASA_USDA_SMAP_SM20160309_20160311,2016-03-09 12:00:00
115,1457784000000,56.75455905499111,NASA_USDA_SMAP_SM20160312_20160314,2016-03-12 12:00:00
116,1458043200000,51.42611505935017,NASA_USDA_SMAP_SM20160315_20160317,2016-03-15 12:00:00
117,1458302400000,46.34656687775608,NASA_USDA_SMAP_SM20160318_20160320,2016-03-18 12:00:00
118,1458561600000,42.695338464449556,NASA_USDA_SMAP_SM20160321_20160323,2016-03-21 12:00:00
119,1458820800000,39.73978256858751,NASA_USDA_SMAP_SM20160324_20160326,2016-03-24 12:00:00
120,1459080000000,41.62560743602864,NASA_USDA_SMAP_SM20160327_20160329,2016-03-27 12:00:00
121,1459339200000,41.83684197046528,NASA_USDA_SMAP_SM20160330_20160401,2016-03-30 12:00:00
122,1459598400000,36.65373684418235,NASA_USDA_SMAP_SM20160402_20160404,2016-04-02 12:00:00
123,1459857600000,33.424695361012155,NASA_USDA_SMAP_SM20160405_20160407,2016-04-05 12:00:00
124,1460116800000,62.46201916992907,NASA_USDA_SMAP_SM20160408_20160410,2016-04-08 12:00:00
125,1460376000000,66.72885458286552,NASA_USDA_SMAP_SM20160411_20160413,2016-04-11 12:00:00
126,1460635200000,50.318914076017826,NASA_USDA_SMAP_SM20160414_20160416,2016-04-14 12:00:00
127,1460894400000,43.71474012468454,NASA_USDA_SMAP_SM20160417_20160419,2016-04-17 12:00:00
128,1461153600000,35.89487680219414,NASA_USDA_SMAP_SM20160420_20160422,2016-04-20 12:00:00
129,1461412800000,32.46912086676514,NASA_USDA_SMAP_SM20160423_20160425,2016-04-23 12:00:00
130,1461672000000,31.830881950621386,NASA_USDA_SMAP_SM20160426_20160428,2016-04-26 12:00:00
131,1461931200000,48.059582589959795,NASA_USDA_SMAP_SM20160429_20160501,2016-04-29 12:00:00
132,1462190400000,39.97126548153363,NASA_USDA_SMAP_SM20160502_20160504,2016-05-02 12:00:00
133,1462449600000,35.101127164241724,NASA_USDA_SMAP_SM20160505_20160507,2016-05-05 12:00:00
134,1462708800000,41.161298390326735,NASA_USDA_SMAP_SM20160508_20160510,2016-05-08 12:00:00
135,1462968000000,32.58080377057686,NASA_USDA_SMAP_SM20160511_20160513,2016-05-11 12:00:00
136,1463227200000,33.08853498615663,NASA_USDA_SMAP_SM20160514_20160516,2016-05-14 12:00:00
137,1463486400000,53.36707422266295,NASA_USDA_SMAP_SM20160517_20160519,2016-05-17 12:00:00
138,1463745600000,37.648239812753516,NASA_USDA_SMAP_SM20160520_20160522,2016-05-20 12:00:00
139,1464004800000,33.668536792203554,NASA_USDA_SMAP_SM20160523_20160525,2016-05-23 12:00:00
140,1464264000000,31.13627842842305,NASA_USDA_SMAP_SM20160526_20160528,2016-05-26 12:00:00
141,1464523200000,32.79830103807277,NASA_USDA_SMAP_SM20160529_20160531,2016-05-29 12:00:00
142,1464782400000,31.13332313267993,NASA_USDA_SMAP_SM20160601_20160603,2016-06-01 12:00:00
143,1465041600000,27.676898297672604,NASA_USDA_SMAP_SM20160604_20160606,2016-06-04 12:00:00
144,1465300800000,27.421408766746666,NASA_USDA_SMAP_SM20160607_20160609,2016-06-07 12:00:00
145,1465560000000,48.06059108220691,NASA_USDA_SMAP_SM20160610_20160612,2016-06-10 12:00:00
146,1465819200000,31.34907894898512,NASA_USDA_SMAP_SM20160613_20160615,2016-06-13 12:00:00
147,1466078400000,28.019094046522255,NASA_USDA_SMAP_SM20160616_20160618,2016-06-16 12:00:00
148,1466337600000,26.481247384816456,NASA_USDA_SMAP_SM20160619_20160621,2016-06-19 12:00:00
149,1466596800000,33.8666627118807,NASA_USDA_SMAP_SM20160622_20160624,2016-06-22 12:00:00
150,1466856000000,36.46752817873475,NASA_USDA_SMAP_SM20160625_20160627,2016-06-25 12:00:00
151,1467115200000,57.653368328779955,NASA_USDA_SMAP_SM20160628_20160630,2016-06-28 12:00:00
152,1467374400000,153.22567690114246,NASA_USDA_SMAP_SM20160701_20160703,2016-07-01 12:00:00
153,1467633600000,79.37289729334388,NASA_USDA_SMAP_SM20160704_20160706,2016-07-04 12:00:00
154,1467892800000,70.72404611417667,NASA_USDA_SMAP_SM20160707_20160709,2016-07-07 12:00:00
155,1468152000000,51.99879041205858,NASA_USDA_SMAP_SM20160710_20160712,2016-07-10 12:00:00
156,1468411200000,43.072971392974885,NASA_USDA_SMAP_SM20160713_20160715,2016-07-13 12:00:00
157,1468670400000,44.015751428442144,NASA_USDA_SMAP_SM20160716_20160718,2016-07-16 12:00:00
158,1468929600000,76.58139397349076,NASA_USDA_SMAP_SM20160719_20160721,2016-07-19 12:00:00
159,1469188800000,67.37249145509745,NASA_USDA_SMAP_SM20160722_20160724,2016-07-22 12:00:00
160,1469448000000,85.5903002248068,NASA_USDA_SMAP_SM20160725_20160727,2016-07-25 12:00:00
161,1469707200000,82.34757631020956,NASA_USDA_SMAP_SM20160728_20160730,2016-07-28 12:00:00
162,1469966400000,146.69402976317807,NASA_USDA_SMAP_SM20160731_20160802,2016-07-31 12:00:00
163,1470225600000,211.10899298660652,NASA_USDA_SMAP_SM20160803_20160805,2016-08-03 12:00:00
164,1470484800000,173.61795308548975,NASA_USDA_SMAP_SM20160806_20160808,2016-08-06 12:00:00
165,1470744000000,178.16062336742834,NASA_USDA_SMAP_SM20160809_20160811,2016-08-09 12:00:00
166,1471003200000,160.61553283180425,NASA_USDA_SMAP_SM20160812_20160814,2016-08-12 12:00:00
167,1471262400000,141.43088623817889,NASA_USDA_SMAP_SM20160815_20160817,2016-08-15 12:00:00
168,1471521600000,140.45772655526034,NASA_USDA_SMAP_SM20160818_20160820,2016-08-18 12:00:00
169,1471780800000,158.8127783277035,NASA_USDA_SMAP_SM20160821_20160823,2016-08-21 12:00:00
170,1472040000000,143.3341839124671,NASA_USDA_SMAP_SM20160824_20160826,2016-08-24 12:00:00
171,1472299200000,150.41139034417296,NASA_USDA_SMAP_SM20160827_20160829,2016-08-27 12:00:00
172,1472558400000,137.00976920003146,NASA_USDA_SMAP_SM20160830_20160901,2016-08-30 12:00:00
173,1472817600000,142.91068227793184,NASA_USDA_SMAP_SM20160902_20160904,2016-09-02 12:00:00
174,1473076800000,144.02038922660466,NASA_USDA_SMAP_SM20160905_20160907,2016-09-05 12:00:00
175,1473336000000,137.1989876108591,NASA_USDA_SMAP_SM20160908_20160910,2016-09-08 12:00:00
176,1473595200000,130.13911194234979,NASA_USDA_SMAP_SM20160911_20160913,2016-09-11 12:00:00
177,1473854400000,137.56812105092078,NASA_USDA_SMAP_SM20160914_20160916,2016-09-14 12:00:00
178,1474113600000,102.1396204383958,NASA_USDA_SMAP_SM20160917_20160919,2016-09-17 12:00:00
179,1474372800000,111.0904528169595,NASA_USDA_SMAP_SM20160920_20160922,2016-09-20 12:00:00
180,1474632000000,107.13516538544712,NASA_USDA_SMAP_SM20160923_20160925,2016-09-23 12:00:00
181,1474891200000,119.55859664809397,NASA_USDA_SMAP_SM20160926_20160928,2016-09-26 12:00:00
182,1475150400000,150.26619983459454,NASA_USDA_SMAP_SM20160929_20161001,2016-09-29 12:00:00
183,1475409600000,143.9039928536732,NASA_USDA_SMAP_SM20161002_20161004,2016-10-02 12:00:00
184,1475668800000,124.18767698673368,NASA_USDA_SMAP_SM20161005_20161007,2016-10-05 12:00:00
185,1475928000000,142.51981475892003,NASA_USDA_SMAP_SM20161008_20161010,2016-10-08 12:00:00
186,1476187200000,112.53610046849975,NASA_USDA_SMAP_SM20161011_20161013,2016-10-11 12:00:00
187,1476446400000,104.68431458715652,NASA_USDA_SMAP_SM20161014_20161016,2016-10-14 12:00:00
188,1476705600000,91.58815639476148,NASA_USDA_SMAP_SM20161017_20161019,2016-10-17 12:00:00
189,1476964800000,84.62522389351076,NASA_USDA_SMAP_SM20161020_20161022,2016-10-20 12:00:00
190,1477224000000,86.92031275230032,NASA_USDA_SMAP_SM20161023_20161025,2016-10-23 12:00:00
191,1477483200000,79.77280903024555,NASA_USDA_SMAP_SM20161026_20161028,2016-10-26 12:00:00
192,1477742400000,73.10347413305382,NASA_USDA_SMAP_SM20161029_20161031,2016-10-29 12:00:00
193,1478001600000,83.61577682418465,NASA_USDA_SMAP_SM20161101_20161103,2016-11-01 12:00:00
194,1478260800000,124.5034790668717,NASA_USDA_SMAP_SM20161104_20161106,2016-11-04 12:00:00
195,1478520000000,103.30292020654622,NASA_USDA_SMAP_SM20161107_20161109,2016-11-07 12:00:00
196,1478779200000,99.15590004092802,NASA_USDA_SMAP_SM20161110_20161112,2016-11-10 12:00:00
197,1479038400000,91.86970204832487,NASA_USDA_SMAP_SM20161113_20161115,2016-11-13 12:00:00
198,1479297600000,84.87640686989926,NASA_USDA_SMAP_SM20161116_20161118,2016-11-16 12:00:00
199,1479556800000,118.85648273465326,NASA_USDA_SMAP_SM20161119_20161121,2016-11-19 12:00:00
200,1479816000000,128.05478330401283,NASA_USDA_SMAP_SM20161122_20161124,2016-11-22 12:00:00
201,1480075200000,119.79290474540709,NASA_USDA_SMAP_SM20161125_20161127,2016-11-25 12:00:00
202,1480334400000,155.5388073057359,NASA_USDA_SMAP_SM20161128_20161130,2016-11-28 12:00:00
203,1480593600000,132.91554993468816,NASA_USDA_SMAP_SM20161201_20161203,2016-12-01 12:00:00
204,1480852800000,124.95091178100198,NASA_USDA_SMAP_SM20161204_20161206,2016-12-04 12:00:00
205,1481112000000,118.60465995680336,NASA_USDA_SMAP_SM20161207_20161209,2016-12-07 12:00:00
206,1481371200000,110.12418163030651,NASA_USDA_SMAP_SM20161210_20161212,2016-12-10 12:00:00
207,1481630400000,104.55485280093836,NASA_USDA_SMAP_SM20161213_20161215,2016-12-13 12:00:00
208,1481889600000,181.76942909584537,NASA_USDA_SMAP_SM20161216_20161218,2016-12-16 12:00:00
209,1482148800000,141.6146819938581,NASA_USDA_SMAP_SM20161219_20161221,2016-12-19 12:00:00
210,1482408000000,226.69431215057668,NASA_USDA_SMAP_SM20161222_20161224,2016-12-22 12:00:00
211,1482667200000,224.54879478518902,NASA_USDA_SMAP_SM20161225_20161227,2016-12-25 12:00:00
212,1482926400000,201.5772331994144,NASA_USDA_SMAP_SM20161228_20161230,2016-12-28 12:00:00
213,1483185600000,242.92410620230206,NASA_USDA_SMAP_SM20161231_20170102,2016-12-31 12:00:00
214,1483444800000,221.0231176383675,NASA_USDA_SMAP_SM20170103_20170105,2017-01-03 12:00:00
215,1483704000000,221.2647954314168,NASA_USDA_SMAP_SM20170106_20170108,2017-01-06 12:00:00
216,1483963200000,209.42747869027144,NASA_USDA_SMAP_SM20170109_20170111,2017-01-09 12:00:00
217,1484222400000,207.3889842434122,NASA_USDA_SMAP_SM20170112_20170114,2017-01-12 12:00:00
218,1484481600000,231.07941831141565,NASA_USDA_SMAP_SM20170115_20170117,2017-01-15 12:00:00
219,1484740800000,225.15806680651937,NASA_USDA_SMAP_SM20170118_20170120,2017-01-18 12:00:00
220,1485000000000,246.8538678077897,NASA_USDA_SMAP_SM20170121_20170123,2017-01-21 12:00:00
221,1485259200000,243.5161919632886,NASA_USDA_SMAP_SM20170124_20170126,2017-01-24 12:00:00
222,1485518400000,231.78749878547217,NASA_USDA_SMAP_SM20170127_20170129,2017-01-27 12:00:00
223,1485777600000,215.67182273833876,NASA_USDA_SMAP_SM20170130_20170201,2017-01-30 12:00:00
224,1486036800000,199.2193895878141,NASA_USDA_SMAP_SM20170202_20170204,2017-02-02 12:00:00
225,1486296000000,184.2880587175957,NASA_USDA_SMAP_SM20170205_20170207,2017-02-05 12:00:00
226,1486555200000,169.85251545917347,NASA_USDA_SMAP_SM20170208_20170210,2017-02-08 12:00:00
227,1486814400000,180.74174491257043,NASA_USDA_SMAP_SM20170211_20170213,2017-02-11 12:00:00
228,1487073600000,182.40199643278996,NASA_USDA_SMAP_SM20170214_20170216,2017-02-14 12:00:00
229,1487332800000,209.58168669732117,NASA_USDA_SMAP_SM20170217_20170219,2017-02-17 12:00:00
230,1487592000000,202.34622591777313,NASA_USDA_SMAP_SM20170220_20170222,2017-02-20 12:00:00
231,1487851200000,191.82518015521597,NASA_USDA_SMAP_SM20170223_20170225,2017-02-23 12:00:00
232,1488110400000,205.38728211133275,NASA_USDA_SMAP_SM20170226_20170228,2017-02-26 12:00:00
233,1488369600000,207.48645578309467,NASA_USDA_SMAP_SM20170301_20170303,2017-03-01 12:00:00
234,1488628800000,190.09700473917385,NASA_USDA_SMAP_SM20170304_20170306,2017-03-04 12:00:00
235,1488888000000,165.99152185466528,NASA_USDA_SMAP_SM20170307_20170309,2017-03-07 12:00:00
236,1489147200000,145.81662404404568,NASA_USDA_SMAP_SM20170310_20170312,2017-03-10 12:00:00
237,1489406400000,128.48430076475657,NASA_USDA_SMAP_SM20170313_20170315,2017-03-13 12:00:00
238,1489665600000,112.63196887401024,NASA_USDA_SMAP_SM20170316_20170318,2017-03-16 12:00:00
239,1489924800000,97.52767311339296,NASA_USDA_SMAP_SM20170319_20170321,2017-03-19 12:00:00
240,1490184000000,120.40714268206845,NASA_USDA_SMAP_SM20170322_20170324,2017-03-22 12:00:00
241,1490443200000,101.43751890246959,NASA_USDA_SMAP_SM20170325_20170327,2017-03-25 12:00:00
242,1490702400000,95.14661984024492,NASA_USDA_SMAP_SM20170328_20170330,2017-03-28 12:00:00
243,1490961600000,81.94806258151411,NASA_USDA_SMAP_SM20170331_20170402,2017-03-31 12:00:00
244,1491220800000,77.6262890367368,NASA_USDA_SMAP_SM20170403_20170405,2017-04-03 12:00:00
245,1491480000000,63.951166197870485,NASA_USDA_SMAP_SM20170406_20170408,2017-04-06 12:00:00
246,1491739200000,55.378170809104546,NASA_USDA_SMAP_SM20170409_20170411,2017-04-09 12:00:00
247,1491998400000,48.02584876283756,NASA_USDA_SMAP_SM20170412_20170414,2017-04-12 12:00:00
248,1492257600000,42.28916302484547,NASA_USDA_SMAP_SM20170415_20170417,2017-04-15 12:00:00
249,1492516800000,38.01468481722819,NASA_USDA_SMAP_SM20170418_20170420,2017-04-18 12:00:00
250,1492776000000,34.13910267319896,NASA_USDA_SMAP_SM20170421_20170423,2017-04-21 12:00:00
251,1493035200000,32.30857548250998,NASA_USDA_SMAP_SM20170424_20170426,2017-04-24 12:00:00
252,1493294400000,34.494438898541866,NASA_USDA_SMAP_SM20170427_20170429,2017-04-27 12:00:00
253,1493553600000,30.79498390464441,NASA_USDA_SMAP_SM20170430_20170502,2017-04-30 12:00:00
254,1493812800000,28.414784372820765,NASA_USDA_SMAP_SM20170503_20170505,2017-05-03 12:00:00
255,1494072000000,29.89046167616905,NASA_USDA_SMAP_SM20170506_20170508,2017-05-06 12:00:00
256,1494331200000,59.93470826634262,NASA_USDA_SMAP_SM20170509_20170511,2017-05-09 12:00:00
257,1494590400000,35.2860567465699,NASA_USDA_SMAP_SM20170512_20170514,2017-05-12 12:00:00
258,1494849600000,31.93129492613484,NASA_USDA_SMAP_SM20170515_20170517,2017-05-15 12:00:00
259,1495108800000,30.06124798113119,NASA_USDA_SMAP_SM20170518_20170520,2017-05-18 12:00:00
260,1495368000000,27.376994884505365,NASA_USDA_SMAP_SM20170521_20170523,2017-05-21 12:00:00
261,1495627200000,26.27266968191505,NASA_USDA_SMAP_SM20170524_20170526,2017-05-24 12:00:00
262,1495886400000,25.977400018736162,NASA_USDA_SMAP_SM20170527_20170529,2017-05-27 12:00:00
263,1496145600000,46.66411804085342,NASA_USDA_SMAP_SM20170530_20170601,2017-05-30 12:00:00
264,1496404800000,37.638814045075264,NASA_USDA_SMAP_SM20170602_20170604,2017-06-02 12:00:00
265,1496664000000,35.11667217165368,NASA_USDA_SMAP_SM20170605_20170607,2017-06-05 12:00:00
266,1496923200000,33.89574601719587,NASA_USDA_SMAP_SM20170608_20170610,2017-06-08 12:00:00
267,1497182400000,30.689850451162865,NASA_USDA_SMAP_SM20170611_20170613,2017-06-11 12:00:00
268,1497441600000,28.33889906048178,NASA_USDA_SMAP_SM20170614_20170616,2017-06-14 12:00:00
269,1497700800000,26.890671451619056,NASA_USDA_SMAP_SM20170617_20170619,2017-06-17 12:00:00
270,1497960000000,27.437733927454932,NASA_USDA_SMAP_SM20170620_20170622,2017-06-20 12:00:00
271,1498219200000,30.054236894537954,NASA_USDA_SMAP_SM20170623_20170625,2017-06-23 12:00:00
272,1498478400000,37.34197614607793,NASA_USDA_SMAP_SM20170626_20170628,2017-06-26 12:00:00
273,1498737600000,29.16391941819904,NASA_USDA_SMAP_SM20170629_20170701,2017-06-29 12:00:00
274,1498996800000,28.98412317241882,NASA_USDA_SMAP_SM20170702_20170704,2017-07-02 12:00:00
275,1499256000000,28.579506370484523,NASA_USDA_SMAP_SM20170705_20170707,2017-07-05 12:00:00
276,1499515200000,41.953726936976075,NASA_USDA_SMAP_SM20170708_20170710,2017-07-08 12:00:00
277,1499774400000,112.33966272137214,NASA_USDA_SMAP_SM20170711_20170713,2017-07-11 12:00:00
278,1500033600000,98.4391471163775,NASA_USDA_SMAP_SM20170714_20170716,2017-07-14 12:00:00
279,1500292800000,158.39714648111632,NASA_USDA_SMAP_SM20170717_20170719,2017-07-17 12:00:00
280,1500552000000,197.27872710016675,NASA_USDA_SMAP_SM20170720_20170722,2017-07-20 12:00:00
281,1500811200000,216.21324712137164,NASA_USDA_SMAP_SM20170723_20170725,2017-07-23 12:00:00
282,1501070400000,201.0463482927518,NASA_USDA_SMAP_SM20170726_20170728,2017-07-26 12:00:00
283,1501329600000,205.45907909106043,NASA_USDA_SMAP_SM20170729_20170731,2017-07-29 12:00:00
284,1501588800000,200.91427387746296,NASA_USDA_SMAP_SM20170801_20170803,2017-08-01 12:00:00
285,1501848000000,169.22972466060156,NASA_USDA_SMAP_SM20170804_20170806,2017-08-04 12:00:00
286,1502107200000,125.40979170818304,NASA_USDA_SMAP_SM20170807_20170809,2017-08-07 12:00:00
287,1502366400000,155.1667564242754,NASA_USDA_SMAP_SM20170810_20170812,2017-08-10 12:00:00
288,1502625600000,179.6578790234197,NASA_USDA_SMAP_SM20170813_20170815,2017-08-13 12:00:00
289,1502884800000,121.2503078648656,NASA_USDA_SMAP_SM20170816_20170818,2017-08-16 12:00:00
290,1503144000000,123.53218450962005,NASA_USDA_SMAP_SM20170819_20170821,2017-08-19 12:00:00
291,1503403200000,128.60276911695482,NASA_USDA_SMAP_SM20170822_20170824,2017-08-22 12:00:00
292,1503662400000,110.42125128282817,NASA_USDA_SMAP_SM20170825_20170827,2017-08-25 12:00:00
293,1503921600000,99.82281158321398,NASA_USDA_SMAP_SM20170828_20170830,2017-08-28 12:00:00
294,1504180800000,87.41054548982301,NASA_USDA_SMAP_SM20170831_20170902,2017-08-31 12:00:00
295,1504440000000,75.58542471287087,NASA_USDA_SMAP_SM20170903_20170905,2017-09-03 12:00:00
296,1504699200000,70.26939820710916,NASA_USDA_SMAP_SM20170906_20170908,2017-09-06 12:00:00
297,1504958400000,100.08537143387508,NASA_USDA_SMAP_SM20170909_20170911,2017-09-09 12:00:00
298,1505217600000,89.39963610621605,NASA_USDA_SMAP_SM20170912_20170914,2017-09-12 12:00:00
299,1505476800000,79.01916781218686,NASA_USDA_SMAP_SM20170915_20170917,2017-09-15 12:00:00
300,1505736000000,66.91563747547374,NASA_USDA_SMAP_SM20170918_20170920,2017-09-18 12:00:00
301,1505995200000,62.752718949772174,NASA_USDA_SMAP_SM20170921_20170923,2017-09-21 12:00:00
302,1506254400000,58.47055593673301,NASA_USDA_SMAP_SM20170924_20170926,2017-09-24 12:00:00
303,1506513600000,64.90279451539722,NASA_USDA_SMAP_SM20170927_20170929,2017-09-27 12:00:00
304,1506772800000,57.84118758660987,NASA_USDA_SMAP_SM20170930_20171002,2017-09-30 12:00:00
305,1507032000000,53.472443969218055,NASA_USDA_SMAP_SM20171003_20171005,2017-10-03 12:00:00
306,1507291200000,49.26933095891679,NASA_USDA_SMAP_SM20171006_20171008,2017-10-06 12:00:00
307,1507550400000,47.214505774632435,NASA_USDA_SMAP_SM20171009_20171011,2017-10-09 12:00:00
308,1507809600000,44.76142169484473,NASA_USDA_SMAP_SM20171012_20171014,2017-10-12 12:00:00
309,1508068800000,42.34822849119519,NASA_USDA_SMAP_SM20171015_20171017,2017-10-15 12:00:00
310,1508328000000,43.40176372525793,NASA_USDA_SMAP_SM20171018_20171020,2017-10-18 12:00:00
311,1508587200000,41.53290326957583,NASA_USDA_SMAP_SM20171021_20171023,2017-10-21 12:00:00
312,1508846400000,39.89373081141514,NASA_USDA_SMAP_SM20171024_20171026,2017-10-24 12:00:00
313,1509105600000,39.29309074357952,NASA_USDA_SMAP_SM20171027_20171029,2017-10-27 12:00:00
314,1509364800000,38.6964425351447,NASA_USDA_SMAP_SM20171030_20171101,2017-10-30 12:00:00
315,1509624000000,38.481843261146636,NASA_USDA_SMAP_SM20171102_20171104,2017-11-02 12:00:00
316,1509883200000,38.88901118633474,NASA_USDA_SMAP_SM20171105_20171107,2017-11-05 12:00:00
317,1510142400000,38.426912332484406,NASA_USDA_SMAP_SM20171108_20171110,2017-11-08 12:00:00
318,1510401600000,37.389027935912566,NASA_USDA_SMAP_SM20171111_20171113,2017-11-11 12:00:00
319,1510660800000,37.45767056232059,NASA_USDA_SMAP_SM20171114_20171116,2017-11-14 12:00:00
320,1510920000000,36.95645419984705,NASA_USDA_SMAP_SM20171117_20171119,2017-11-17 12:00:00
321,1511179200000,36.753161129357125,NASA_USDA_SMAP_SM20171120_20171122,2017-11-20 12:00:00
322,1511438400000,36.36691222322127,NASA_USDA_SMAP_SM20171123_20171125,2017-11-23 12:00:00
323,1511697600000,36.07301658445257,NASA_USDA_SMAP_SM20171126_20171128,2017-11-26 12:00:00
324,1511956800000,36.8893324316961,NASA_USDA_SMAP_SM20171129_20171201,2017-11-29 12:00:00
325,1512216000000,37.69269622328749,NASA_USDA_SMAP_SM20171202_20171204,2017-12-02 12:00:00
326,1512475200000,54.09605022991523,NASA_USDA_SMAP_SM20171205_20171207,2017-12-05 12:00:00
327,1512734400000,43.718305240229114,NASA_USDA_SMAP_SM20171208_20171210,2017-12-08 12:00:00
328,1512993600000,41.673542378843685,NASA_USDA_SMAP_SM20171211_20171213,2017-12-11 12:00:00
329,1513252800000,40.46287469529863,NASA_USDA_SMAP_SM20171214_20171216,2017-12-14 12:00:00
330,1513512000000,47.79193903818629,NASA_USDA_SMAP_SM20171217_20171219,2017-12-17 12:00:00
331,1513771200000,48.05092963092593,NASA_USDA_SMAP_SM20171220_20171222,2017-12-20 12:00:00
332,1514030400000,46.58525338838237,NASA_USDA_SMAP_SM20171223_20171225,2017-12-23 12:00:00
333,1514289600000,44.86665025827232,NASA_USDA_SMAP_SM20171226_20171228,2017-12-26 12:00:00
334,1514548800000,42.57785727636446,NASA_USDA_SMAP_SM20171229_20171231,2017-12-29 12:00:00
335,1514808000000,41.83801688818818,NASA_USDA_SMAP_SM20180101_20180103,2018-01-01 12:00:00
336,1515067200000,40.80111360332228,NASA_USDA_SMAP_SM20180104_20180106,2018-01-04 12:00:00
337,1515326400000,42.127356032535246,NASA_USDA_SMAP_SM20180107_20180109,2018-01-07 12:00:00
338,1515585600000,126.53956859292269,NASA_USDA_SMAP_SM20180110_20180112,2018-01-10 12:00:00
339,1515844800000,80.98339235990231,NASA_USDA_SMAP_SM20180113_20180115,2018-01-13 12:00:00
340,1516104000000,78.04841538490587,NASA_USDA_SMAP_SM20180116_20180118,2018-01-16 12:00:00
341,1516363200000,93.21737704185081,NASA_USDA_SMAP_SM20180119_20180121,2018-01-19 12:00:00
342,1516622400000,88.07027240601593,NASA_USDA_SMAP_SM20180122_20180124,2018-01-22 12:00:00
343,1516881600000,79.41510115120302,NASA_USDA_SMAP_SM20180125_20180127,2018-01-25 12:00:00
344,1517140800000,72.87049600314275,NASA_USDA_SMAP_SM20180128_20180130,2018-01-28 12:00:00
345,1517400000000,66.92959731379797,NASA_USDA_SMAP_SM20180131_20180202,2018-01-31 12:00:00
346,1517659200000,62.33256431591994,NASA_USDA_SMAP_SM20180203_20180205,2018-02-03 12:00:00
347,1517918400000,56.41674998777564,NASA_USDA_SMAP_SM20180206_20180208,2018-02-06 12:00:00
348,1518177600000,51.57638234829482,NASA_USDA_SMAP_SM20180209_20180211,2018-02-09 12:00:00
349,1518436800000,59.251563647550405,NASA_USDA_SMAP_SM20180212_20180214,2018-02-12 12:00:00
350,1518696000000,151.22152839611016,NASA_USDA_SMAP_SM20180215_20180217,2018-02-15 12:00:00
351,1518955200000,152.3443476510491,NASA_USDA_SMAP_SM20180218_20180220,2018-02-18 12:00:00
352,1519214400000,132.81641359640483,NASA_USDA_SMAP_SM20180221_20180223,2018-02-21 12:00:00
353,1519473600000,122.07794894736388,NASA_USDA_SMAP_SM20180224_20180226,2018-02-24 12:00:00
354,1519732800000,127.84813394777149,NASA_USDA_SMAP_SM20180227_20180301,2018-02-27 12:00:00
355,1519992000000,108.77659504644295,NASA_USDA_SMAP_SM20180302_20180304,2018-03-02 12:00:00
356,1520251200000,97.1456340883564,NASA_USDA_SMAP_SM20180305_20180307,2018-03-05 12:00:00
357,1520510400000,86.67154037343795,NASA_USDA_SMAP_SM20180308_20180310,2018-03-08 12:00:00
358,1520769600000,127.26659226232393,NASA_USDA_SMAP_SM20180311_20180313,2018-03-11 12:00:00
359,1521028800000,99.45519868733624,NASA_USDA_SMAP_SM20180314_20180316,2018-03-14 12:00:00
360,1521288000000,96.01951828430498,NASA_USDA_SMAP_SM20180317_20180319,2018-03-17 12:00:00
361,1521547200000,79.71604372063923,NASA_USDA_SMAP_SM20180320_20180322,2018-03-20 12:00:00
362,1521806400000,72.68910074337977,NASA_USDA_SMAP_SM20180323_20180325,2018-03-23 12:00:00
363,1522065600000,67.95049485939346,NASA_USDA_SMAP_SM20180326_20180328,2018-03-26 12:00:00
364,1522324800000,57.92070347715651,NASA_USDA_SMAP_SM20180329_20180331,2018-03-29 12:00:00
365,1522584000000,51.33406317015221,NASA_USDA_SMAP_SM20180401_20180403,2018-04-01 12:00:00
366,1522843200000,45.4610691747508,NASA_USDA_SMAP_SM20180404_20180406,2018-04-04 12:00:00
367,1523102400000,41.44452465171202,NASA_USDA_SMAP_SM20180407_20180409,2018-04-07 12:00:00
368,1523361600000,37.42571521089462,NASA_USDA_SMAP_SM20180410_20180412,2018-04-10 12:00:00
369,1523620800000,35.91099351492966,NASA_USDA_SMAP_SM20180413_20180415,2018-04-13 12:00:00
370,1523880000000,33.832877879914555,NASA_USDA_SMAP_SM20180416_20180418,2018-04-16 12:00:00
371,1524139200000,32.29977367536962,NASA_USDA_SMAP_SM20180419_20180421,2018-04-19 12:00:00
372,1524398400000,30.390577260435293,NASA_USDA_SMAP_SM20180422_20180424,2018-04-22 12:00:00
373,1524657600000,28.932168564450098,NASA_USDA_SMAP_SM20180425_20180427,2018-04-25 12:00:00
374,1524916800000,28.384295558606876,NASA_USDA_SMAP_SM20180428_20180430,2018-04-28 12:00:00
375,1525176000000,42.53419634858694,NASA_USDA_SMAP_SM20180501_20180503,2018-05-01 12:00:00
376,1525435200000,30.12435012733162,NASA_USDA_SMAP_SM20180504_20180506,2018-05-04 12:00:00
377,1525694400000,27.506756688337404,NASA_USDA_SMAP_SM20180507_20180509,2018-05-07 12:00:00
378,1525953600000,26.652997430098974,NASA_USDA_SMAP_SM20180510_20180512,2018-05-10 12:00:00
379,1526212800000,26.63027461707104,NASA_USDA_SMAP_SM20180513_20180515,2018-05-13 12:00:00
380,1526472000000,25.830529481792667,NASA_USDA_SMAP_SM20180516_20180518,2018-05-16 12:00:00
381,1526731200000,25.568847200555144,NASA_USDA_SMAP_SM20180519_20180521,2018-05-19 12:00:00
382,1526990400000,25.308064203298397,NASA_USDA_SMAP_SM20180522_20180524,2018-05-22 12:00:00
383,1527249600000,25.069513508923276,NASA_USDA_SMAP_SM20180525_20180527,2018-05-25 12:00:00
384,1527508800000,24.950246009761898,NASA_USDA_SMAP_SM20180528_20180530,2018-05-28 12:00:00
385,1527768000000,24.475386274944228,NASA_USDA_SMAP_SM20180531_20180602,2018-05-31 12:00:00
386,1528027200000,24.09983743210809,NASA_USDA_SMAP_SM20180603_20180605,2018-06-03 12:00:00
387,1528286400000,23.994952484730607,NASA_USDA_SMAP_SM20180606_20180608,2018-06-06 12:00:00
388,1528545600000,23.982755071340254,NASA_USDA_SMAP_SM20180609_20180611,2018-06-09 12:00:00
389,1528804800000,23.84704457645236,NASA_USDA_SMAP_SM20180612_20180614,2018-06-12 12:00:00
390,1529064000000,56.80142560292723,NASA_USDA_SMAP_SM20180615_20180617,2018-06-15 12:00:00
391,1529323200000,33.92638346601556,NASA_USDA_SMAP_SM20180618_20180620,2018-06-18 12:00:00
392,1529582400000,25.716388486400106,NASA_USDA_SMAP_SM20180621_20180623,2018-06-21 12:00:00
393,1529841600000,24.60572611082685,NASA_USDA_SMAP_SM20180624_20180626,2018-06-24 12:00:00
394,1530100800000,24.00261166856998,NASA_USDA_SMAP_SM20180627_20180629,2018-06-27 12:00:00
395,1530360000000,24.053537772983915,NASA_USDA_SMAP_SM20180630_20180702,2018-06-30 12:00:00
396,1530619200000,25.15961513410278,NASA_USDA_SMAP_SM20180703_20180705,2018-07-03 12:00:00
397,1530878400000,29.724175854512524,NASA_USDA_SMAP_SM20180706_20180708,2018-07-06 12:00:00
398,1531137600000,83.75008005819,NASA_USDA_SMAP_SM20180709_20180711,2018-07-09 12:00:00
399,1531396800000,194.01491432119198,NASA_USDA_SMAP_SM20180712_20180714,2018-07-12 12:00:00
400,1531656000000,179.62427480364852,NASA_USDA_SMAP_SM20180715_20180717,2018-07-15 12:00:00
401,1531915200000,133.53414562399016,NASA_USDA_SMAP_SM20180718_20180720,2018-07-18 12:00:00
402,1532174400000,110.07920900924795,NASA_USDA_SMAP_SM20180721_20180723,2018-07-21 12:00:00
403,1532433600000,87.67277435102336,NASA_USDA_SMAP_SM20180724_20180726,2018-07-24 12:00:00
404,1532692800000,87.83033412283037,NASA_USDA_SMAP_SM20180727_20180729,2018-07-27 12:00:00
405,1532952000000,105.06425918073892,NASA_USDA_SMAP_SM20180730_20180801,2018-07-30 12:00:00
406,1533211200000,99.33275554344345,NASA_USDA_SMAP_SM20180802_20180804,2018-08-02 12:00:00
407,1533470400000,76.0750743191168,NASA_USDA_SMAP_SM20180805_20180807,2018-08-05 12:00:00
408,1533729600000,100.8414080646324,NASA_USDA_SMAP_SM20180808_20180810,2018-08-08 12:00:00
409,1533988800000,111.70633153890634,NASA_USDA_SMAP_SM20180811_20180813,2018-08-11 12:00:00
410,1534248000000,99.5393714942578,NASA_USDA_SMAP_SM20180814_20180816,2018-08-14 12:00:00
411,1534507200000,96.30571945792347,NASA_USDA_SMAP_SM20180817_20180819,2018-08-17 12:00:00
412,1534766400000,107.5137487462493,NASA_USDA_SMAP_SM20180820_20180822,2018-08-20 12:00:00
413,1535025600000,132.3690756331941,NASA_USDA_SMAP_SM20180823_20180825,2018-08-23 12:00:00
414,1535284800000,112.5715867813093,NASA_USDA_SMAP_SM20180826_20180828,2018-08-26 12:00:00
415,1535544000000,85.11418014739861,NASA_USDA_SMAP_SM20180829_20180831,2018-08-29 12:00:00
416,1535803200000,118.34025568372489,NASA_USDA_SMAP_SM20180901_20180903,2018-09-01 12:00:00
417,1536062400000,96.75976870696792,NASA_USDA_SMAP_SM20180904_20180906,2018-09-04 12:00:00
418,1536321600000,78.39082172827945,NASA_USDA_SMAP_SM20180907_20180909,2018-09-07 12:00:00
419,1536580800000,64.94300207849936,NASA_USDA_SMAP_SM20180910_20180912,2018-09-10 12:00:00
420,1536840000000,54.79697548243988,NASA_USDA_SMAP_SM20180913_20180915,2018-09-13 12:00:00
421,1537099200000,48.547964605939484,NASA_USDA_SMAP_SM20180916_20180918,2018-09-16 12:00:00
422,1537358400000,76.46592977058818,NASA_USDA_SMAP_SM20180919_20180921,2018-09-19 12:00:00
423,1537617600000,55.45936885889898,NASA_USDA_SMAP_SM20180922_20180924,2018-09-22 12:00:00
424,1537876800000,48.737854457548,NASA_USDA_SMAP_SM20180925_20180927,2018-09-25 12:00:00
425,1538136000000,42.17516387798793,NASA_USDA_SMAP_SM20180928_20180930,2018-09-28 12:00:00
426,1538395200000,146.5399697536299,NASA_USDA_SMAP_SM20181001_20181003,2018-10-01 12:00:00
427,1538654400000,107.58555189065608,NASA_USDA_SMAP_SM20181004_20181006,2018-10-04 12:00:00
428,1538913600000,179.92677515584512,NASA_USDA_SMAP_SM20181007_20181009,2018-10-07 12:00:00
429,1539172800000,144.44998681722714,NASA_USDA_SMAP_SM20181010_20181012,2018-10-10 12:00:00
430,1539432000000,185.3303957367274,NASA_USDA_SMAP_SM20181013_20181015,2018-10-13 12:00:00
431,1539691200000,197.13942064947176,NASA_USDA_SMAP_SM20181016_20181018,2018-10-16 12:00:00
432,1539950400000,167.79307136638982,NASA_USDA_SMAP_SM20181019_20181021,2018-10-19 12:00:00
433,1540209600000,209.15752864770818,NASA_USDA_SMAP_SM20181022_20181024,2018-10-22 12:00:00
434,1540468800000,173.39378720901507,NASA_USDA_SMAP_SM20181025_20181027,2018-10-25 12:00:00
435,1540728000000,153.33339001706076,NASA_USDA_SMAP_SM20181028_20181030,2018-10-28 12:00:00
436,1540987200000,154.8877709131378,NASA_USDA_SMAP_SM20181031_20181102,2018-10-31 12:00:00
437,1541246400000,133.98118936624851,NASA_USDA_SMAP_SM20181103_20181105,2018-11-03 12:00:00
438,1541505600000,116.66153212821187,NASA_USDA_SMAP_SM20181106_20181108,2018-11-06 12:00:00
439,1541764800000,108.10859262800169,NASA_USDA_SMAP_SM20181109_20181111,2018-11-09 12:00:00
440,1542024000000,99.05032407605171,NASA_USDA_SMAP_SM20181112_20181114,2018-11-12 12:00:00
441,1542283200000,87.86833756360596,NASA_USDA_SMAP_SM20181115_20181117,2018-11-15 12:00:00
442,1542542400000,82.20849229557214,NASA_USDA_SMAP_SM20181118_20181120,2018-11-18 12:00:00
443,1542801600000,75.45444376458431,NASA_USDA_SMAP_SM20181121_20181123,2018-11-21 12:00:00
444,1543060800000,71.00599220115134,NASA_USDA_SMAP_SM20181124_20181126,2018-11-24 12:00:00
445,1543320000000,66.85811536305702,NASA_USDA_SMAP_SM20181127_20181129,2018-11-27 12:00:00
446,1543579200000,148.35566313007288,NASA_USDA_SMAP_SM20181130_20181202,2018-11-30 12:00:00
447,1543838400000,117.88916573318524,NASA_USDA_SMAP_SM20181203_20181205,2018-12-03 12:00:00
448,1544097600000,152.1842856107269,NASA_USDA_SMAP_SM20181206_20181208,2018-12-06 12:00:00
449,1544356800000,136.0850757349842,NASA_USDA_SMAP_SM20181209_20181211,2018-12-09 12:00:00
450,1544616000000,128.61535901546344,NASA_USDA_SMAP_SM20181212_20181214,2018-12-12 12:00:00
451,1544875200000,120.05792843483226,NASA_USDA_SMAP_SM20181215_20181217,2018-12-15 12:00:00
452,1545134400000,123.53067443955162,NASA_USDA_SMAP_SM20181218_20181220,2018-12-18 12:00:00
453,1545393600000,111.89957363245175,NASA_USDA_SMAP_SM20181221_20181223,2018-12-21 12:00:00
454,1545652800000,118.54287313165709,NASA_USDA_SMAP_SM20181224_20181226,2018-12-24 12:00:00
455,1545912000000,133.76577870684258,NASA_USDA_SMAP_SM20181227_20181229,2018-12-27 12:00:00
456,1546171200000,165.15605515848026,NASA_USDA_SMAP_SM20181230_20190101,2018-12-30 12:00:00
457,1546430400000,161.71703158575002,NASA_USDA_SMAP_SM20190102_20190104,2019-01-02 12:00:00
458,1546689600000,200.99429265743015,NASA_USDA_SMAP_SM20190105_20190107,2019-01-05 12:00:00
459,1546948800000,187.19216570532436,NASA_USDA_SMAP_SM20190108_20190110,2019-01-08 12:00:00
460,1547208000000,196.74058161431336,NASA_USDA_SMAP_SM20190111_20190113,2019-01-11 12:00:00
461,1547467200000,203.57921444374202,NASA_USDA_SMAP_SM20190114_20190116,2019-01-14 12:00:00
462,1547726400000,196.1072770924502,NASA_USDA_SMAP_SM20190117_20190119,2019-01-17 12:00:00
463,1547985600000,181.971463716277,NASA_USDA_SMAP_SM20190120_20190122,2019-01-20 12:00:00
464,1548244800000,165.9186830155259,NASA_USDA_SMAP_SM20190123_20190125,2019-01-23 12:00:00
465,1548504000000,147.55847684079433,NASA_USDA_SMAP_SM20190126_20190128,2019-01-26 12:00:00
466,1548763200000,138.1898305195504,NASA_USDA_SMAP_SM20190129_20190131,2019-01-29 12:00:00
467,1549022400000,161.97445872817715,NASA_USDA_SMAP_SM20190201_20190203,2019-02-01 12:00:00
468,1549281600000,215.05206471148804,NASA_USDA_SMAP_SM20190204_20190206,2019-02-04 12:00:00
469,1549540800000,191.26520253467615,NASA_USDA_SMAP_SM20190207_20190209,2019-02-07 12:00:00
470,1549800000000,175.46160942106334,NASA_USDA_SMAP_SM20190210_20190212,2019-02-10 12:00:00
471,1550059200000,209.2612917027278,NASA_USDA_SMAP_SM20190213_20190215,2019-02-13 12:00:00
472,1550318400000,223.83824603339087,NASA_USDA_SMAP_SM20190216_20190218,2019-02-16 12:00:00
473,1550577600000,232.36335867182746,NASA_USDA_SMAP_SM20190219_20190221,2019-02-19 12:00:00
474,1550836800000,248.17151169225585,NASA_USDA_SMAP_SM20190222_20190224,2019-02-22 12:00:00
475,1551096000000,228.00388618106365,NASA_USDA_SMAP_SM20190225_20190227,2019-02-25 12:00:00
476,1551355200000,209.28877587956597,NASA_USDA_SMAP_SM20190228_20190302,2019-02-28 12:00:00
477,1551614400000,195.28668465793598,NASA_USDA_SMAP_SM20190303_20190305,2019-03-03 12:00:00
478,1551873600000,174.14195971660567,NASA_USDA_SMAP_SM20190306_20190308,2019-03-06 12:00:00
479,1552132800000,174.95248822243593,NASA_USDA_SMAP_SM20190309_20190311,2019-03-09 12:00:00
480,1552392000000,240.78283555633092,NASA_USDA_SMAP_SM20190312_20190314,2019-03-12 12:00:00
481,1552651200000,203.9674216608271,NASA_USDA_SMAP_SM20190315_20190317,2019-03-15 12:00:00
482,1552910400000,185.80081105318519,NASA_USDA_SMAP_SM20190318_20190320,2019-03-18 12:00:00
483,1553169600000,182.59068206757777,NASA_USDA_SMAP_SM20190321_20190323,2019-03-21 12:00:00
484,1553428800000,151.26266570559838,NASA_USDA_SMAP_SM20190324_20190326,2019-03-24 12:00:00
485,1553688000000,134.42480999858728,NASA_USDA_SMAP_SM20190327_20190329,2019-03-27 12:00:00
486,1553947200000,115.53195135634519,NASA_USDA_SMAP_SM20190330_20190401,2019-03-30 12:00:00
487,1554206400000,102.90256769572956,NASA_USDA_SMAP_SM20190402_20190404,2019-04-02 12:00:00
488,1554465600000,90.85860828469497,NASA_USDA_SMAP_SM20190405_20190407,2019-04-05 12:00:00
489,1554724800000,71.47177871272432,NASA_USDA_SMAP_SM20190408_20190410,2019-04-08 12:00:00
490,1554984000000,71.80772735691282,NASA_USDA_SMAP_SM20190411_20190413,2019-04-11 12:00:00
491,1555243200000,60.38604979475537,NASA_USDA_SMAP_SM20190414_20190416,2019-04-14 12:00:00
492,1555502400000,66.91331682931842,NASA_USDA_SMAP_SM20190417_20190419,2019-04-17 12:00:00
493,1555761600000,50.74822985178759,NASA_USDA_SMAP_SM20190420_20190422,2019-04-20 12:00:00
494,1556020800000,50.72717998572045,NASA_USDA_SMAP_SM20190423_20190425,2019-04-23 12:00:00
495,1556280000000,40.628499413185736,NASA_USDA_SMAP_SM20190426_20190428,2019-04-26 12:00:00
496,1556539200000,50.82220095200003,NASA_USDA_SMAP_SM20190429_20190501,2019-04-29 12:00:00
497,1556798400000,38.33993881879195,NASA_USDA_SMAP_SM20190502_20190504,2019-05-02 12:00:00
498,1557057600000,36.743448783131136,NASA_USDA_SMAP_SM20190505_20190507,2019-05-05 12:00:00
499,1557316800000,67.73465278916781,NASA_USDA_SMAP_SM20190508_20190510,2019-05-08 12:00:00
500,1557576000000,81.19760805783335,NASA_USDA_SMAP_SM20190511_20190513,2019-05-11 12:00:00
501,1557835200000,59.29917231168949,NASA_USDA_SMAP_SM20190514_20190516,2019-05-14 12:00:00
502,1558094400000,49.13073772475342,NASA_USDA_SMAP_SM20190517_20190519,2019-05-17 12:00:00
503,1558353600000,60.07701817648337,NASA_USDA_SMAP_SM20190520_20190522,2019-05-20 12:00:00
504,1558612800000,56.065736086999,NASA_USDA_SMAP_SM20190523_20190525,2019-05-23 12:00:00
505,1558872000000,43.74769292373998,NASA_USDA_SMAP_SM20190526_20190528,2019-05-26 12:00:00
506,1559131200000,38.04373363376372,NASA_USDA_SMAP_SM20190529_20190531,2019-05-29 12:00:00
507,1559390400000,32.919017553239634,NASA_USDA_SMAP_SM20190601_20190603,2019-06-01 12:00:00
508,1559649600000,31.257383793974927,NASA_USDA_SMAP_SM20190604_20190606,2019-06-04 12:00:00
509,1559908800000,28.796133400276958,NASA_USDA_SMAP_SM20190607_20190609,2019-06-07 12:00:00
510,1560168000000,27.82725621708373,NASA_USDA_SMAP_SM20190610_20190612,2019-06-10 12:00:00
511,1560427200000,26.373157333700078,NASA_USDA_SMAP_SM20190613_20190615,2019-06-13 12:00:00
512,1560686400000,25.75965402834017,NASA_USDA_SMAP_SM20190616_20190618,2019-06-16 12:00:00
513,1560945600000,25.25751401926149,NASA_USDA_SMAP_SM20190619_20190621,2019-06-19 12:00:00
514,1561204800000,24.99320307906726,NASA_USDA_SMAP_SM20190622_20190624,2019-06-22 12:00:00
515,1561464000000,24.469581577779255,NASA_USDA_SMAP_SM20190625_20190627,2019-06-25 12:00:00
516,1561723200000,27.080381370790136,NASA_USDA_SMAP_SM20190628_20190630,2019-06-28 12:00:00
517,1561982400000,28.927349474251198,NASA_USDA_SMAP_SM20190701_20190703,2019-07-01 12:00:00
518,1562241600000,26.15918700022253,NASA_USDA_SMAP_SM20190704_20190706,2019-07-04 12:00:00
519,1562500800000,30.08658195582889,NASA_USDA_SMAP_SM20190707_20190709,2019-07-07 12:00:00
520,1562760000000,27.679843867789955,NASA_USDA_SMAP_SM20190710_20190712,2019-07-10 12:00:00
521,1563019200000,28.54833616877558,NASA_USDA_SMAP_SM20190713_20190715,2019-07-13 12:00:00
522,1563278400000,26.927326492004568,NASA_USDA_SMAP_SM20190716_20190718,2019-07-16 12:00:00
523,1563537600000,26.15645672892774,NASA_USDA_SMAP_SM20190719_20190721,2019-07-19 12:00:00
524,1563796800000,32.8168135974386,NASA_USDA_SMAP_SM20190722_20190724,2019-07-22 12:00:00
525,1564056000000,35.43329027296327,NASA_USDA_SMAP_SM20190725_20190727,2019-07-25 12:00:00
526,1564315200000,32.41361624008432,NASA_USDA_SMAP_SM20190728_20190730,2019-07-28 12:00:00
527,1564574400000,65.37067064519685,NASA_USDA_SMAP_SM20190731_20190802,2019-07-31 12:00:00
528,1564833600000,63.710690532611885,NASA_USDA_SMAP_SM20190803_20190805,2019-08-03 12:00:00
529,1565092800000,54.05761199863888,NASA_USDA_SMAP_SM20190806_20190808,2019-08-06 12:00:00
530,1565352000000,89.62361711374955,NASA_USDA_SMAP_SM20190809_20190811,2019-08-09 12:00:00
531,1565611200000,61.72803382762382,NASA_USDA_SMAP_SM20190812_20190814,2019-08-12 12:00:00
532,1565870400000,49.192908908608985,NASA_USDA_SMAP_SM20190815_20190817,2019-08-15 12:00:00
533,1566129600000,41.30238174741096,NASA_USDA_SMAP_SM20190818_20190820,2019-08-18 12:00:00
534,1566388800000,35.47598762164946,NASA_USDA_SMAP_SM20190821_20190823,2019-08-21 12:00:00
535,1566648000000,32.97847042321123,NASA_USDA_SMAP_SM20190824_20190826,2019-08-24 12:00:00
536,1566907200000,41.61370802517826,NASA_USDA_SMAP_SM20190827_20190829,2019-08-27 12:00:00
537,1567166400000,43.81189120868652,NASA_USDA_SMAP_SM20190830_20190901,2019-08-30 12:00:00
538,1567425600000,45.67733361963287,NASA_USDA_SMAP_SM20190902_20190904,2019-09-02 12:00:00
539,1567684800000,37.76640280997508,NASA_USDA_SMAP_SM20190905_20190907,2019-09-05 12:00:00
540,1567944000000,46.91797903235587,NASA_USDA_SMAP_SM20190908_20190910,2019-09-08 12:00:00
541,1568203200000,44.52409855355902,NASA_USDA_SMAP_SM20190911_20190913,2019-09-11 12:00:00
542,1568462400000,74.42166852443123,NASA_USDA_SMAP_SM20190914_20190916,2019-09-14 12:00:00
543,1568721600000,69.5736937239802,NASA_USDA_SMAP_SM20190917_20190919,2019-09-17 12:00:00
544,1568980800000,53.67199276294553,NASA_USDA_SMAP_SM20190920_20190922,2019-09-20 12:00:00
545,1569240000000,121.06476946423861,NASA_USDA_SMAP_SM20190923_20190925,2019-09-23 12:00:00
546,1569499200000,110.07785542325013,NASA_USDA_SMAP_SM20190926_20190928,2019-09-26 12:00:00
547,1569758400000,86.71249585444968,NASA_USDA_SMAP_SM20190929_20191001,2019-09-29 12:00:00
548,1570017600000,76.18768013496552,NASA_USDA_SMAP_SM20191002_20191004,2019-10-02 12:00:00
549,1570276800000,66.2429477362682,NASA_USDA_SMAP_SM20191005_20191007,2019-10-05 12:00:00
550,1570536000000,57.121828920657386,NASA_USDA_SMAP_SM20191008_20191010,2019-10-08 12:00:00
551,1570795200000,53.13183034644812,NASA_USDA_SMAP_SM20191011_20191013,2019-10-11 12:00:00
552,1571054400000,47.7931834489434,NASA_USDA_SMAP_SM20191014_20191016,2019-10-14 12:00:00
553,1571313600000,44.12156512368594,NASA_USDA_SMAP_SM20191017_20191019,2019-10-17 12:00:00
554,1571572800000,42.20580011277402,NASA_USDA_SMAP_SM20191020_20191022,2019-10-20 12:00:00
555,1571832000000,39.86899102414832,NASA_USDA_SMAP_SM20191023_20191025,2019-10-23 12:00:00
556,1572091200000,38.66289381537563,NASA_USDA_SMAP_SM20191026_20191028,2019-10-26 12:00:00
557,1572350400000,38.149350844985086,NASA_USDA_SMAP_SM20191029_20191031,2019-10-29 12:00:00
558,1572609600000,35.06856026440456,NASA_USDA_SMAP_SM20191101_20191103,2019-11-01 12:00:00
559,1572868800000,53.57687171825027,NASA_USDA_SMAP_SM20191104_20191106,2019-11-04 12:00:00
560,1573128000000,53.876806088726504,NASA_USDA_SMAP_SM20191107_20191109,2019-11-07 12:00:00
561,1573387200000,49.83690295624833,NASA_USDA_SMAP_SM20191110_20191112,2019-11-10 12:00:00
562,1573646400000,47.40305625384469,NASA_USDA_SMAP_SM20191113_20191115,2019-11-13 12:00:00
563,1573905600000,45.36631107601114,NASA_USDA_SMAP_SM20191116_20191118,2019-11-16 12:00:00
564,1574164800000,181.64091339599733,NASA_USDA_SMAP_SM20191119_20191121,2019-11-19 12:00:00
565,1574424000000,189.71707814056614,NASA_USDA_SMAP_SM20191122_20191124,2019-11-22 12:00:00
566,1574683200000,178.29955335782157,NASA_USDA_SMAP_SM20191125_20191127,2019-11-25 12:00:00
567,1574942400000,236.85970993247267,NASA_USDA_SMAP_SM20191128_20191130,2019-11-28 12:00:00
568,1575201600000,233.35866798322638,NASA_USDA_SMAP_SM20191201_20191203,2019-12-01 12:00:00
569,1575460800000,239.97159578667672,NASA_USDA_SMAP_SM20191204_20191206,2019-12-04 12:00:00
570,1575720000000,244.4307264919632,NASA_USDA_SMAP_SM20191207_20191209,2019-12-07 12:00:00
571,1575979200000,238.3579975104565,NASA_USDA_SMAP_SM20191210_20191212,2019-12-10 12:00:00
572,1576238400000,226.91609008564635,NASA_USDA_SMAP_SM20191213_20191215,2019-12-13 12:00:00
573,1576497600000,216.57855821047073,NASA_USDA_SMAP_SM20191216_20191218,2019-12-16 12:00:00
574,1576756800000,192.21286006077003,NASA_USDA_SMAP_SM20191219_20191221,2019-12-19 12:00:00
575,1577016000000,199.30125333766247,NASA_USDA_SMAP_SM20191222_20191224,2019-12-22 12:00:00
576,1577275200000,240.39206867595615,NASA_USDA_SMAP_SM20191225_20191227,2019-12-25 12:00:00
577,1577534400000,246.18270858111677,NASA_USDA_SMAP_SM20191228_20191230,2019-12-28 12:00:00
578,1577793600000,233.78786475601976,NASA_USDA_SMAP_SM20191231_20200102,2019-12-31 12:00:00
579,1578052800000,220.8412277071279,NASA_USDA_SMAP_SM20200103_20200105,2020-01-03 12:00:00
580,1578312000000,205.6985466077218,NASA_USDA_SMAP_SM20200106_20200108,2020-01-06 12:00:00
581,1578571200000,208.53946148649186,NASA_USDA_SMAP_SM20200109_20200111,2020-01-09 12:00:00
582,1578830400000,189.62644438576316,NASA_USDA_SMAP_SM20200112_20200114,2020-01-12 12:00:00
583,1579089600000,194.43451909950636,NASA_USDA_SMAP_SM20200115_20200117,2020-01-15 12:00:00
584,1579348800000,183.17588303945092,NASA_USDA_SMAP_SM20200118_20200120,2020-01-18 12:00:00
585,1579608000000,220.00364783617894,NASA_USDA_SMAP_SM20200121_20200123,2020-01-21 12:00:00
586,1579867200000,186.60432284439196,NASA_USDA_SMAP_SM20200124_20200126,2020-01-24 12:00:00
587,1580126400000,179.33516955289136,NASA_USDA_SMAP_SM20200127_20200129,2020-01-27 12:00:00
588,1580385600000,170.34358338839908,NASA_USDA_SMAP_SM20200130_20200201,2020-01-30 12:00:00
589,1580644800000,159.0392384392933,NASA_USDA_SMAP_SM20200202_20200204,2020-02-02 12:00:00
590,1580904000000,150.34310705192348,NASA_USDA_SMAP_SM20200205_20200207,2020-02-05 12:00:00
591,1581163200000,140.698495252402,NASA_USDA_SMAP_SM20200208_20200210,2020-02-08 12:00:00
592,1581422400000,200.36148575588615,NASA_USDA_SMAP_SM20200211_20200213,2020-02-11 12:00:00
593,1581681600000,159.3480825565255,NASA_USDA_SMAP_SM20200214_20200216,2020-02-14 12:00:00
594,1581940800000,146.66641160888298,NASA_USDA_SMAP_SM20200217_20200219,2020-02-17 12:00:00
595,1582200000000,174.9114533709899,NASA_USDA_SMAP_SM20200220_20200222,2020-02-20 12:00:00
596,1582459200000,210.38936673186026,NASA_USDA_SMAP_SM20200223_20200225,2020-02-23 12:00:00
597,1582718400000,182.42857674311347,NASA_USDA_SMAP_SM20200226_20200228,2020-02-26 12:00:00
598,1582977600000,169.81222881667136,NASA_USDA_SMAP_SM20200229_20200302,2020-02-29 12:00:00
599,1583236800000,156.45535517640516,NASA_USDA_SMAP_SM20200303_20200305,2020-03-03 12:00:00
600,1583496000000,136.5439887570983,NASA_USDA_SMAP_SM20200306_20200308,2020-03-06 12:00:00
601,1583755200000,170.7452060232362,NASA_USDA_SMAP_SM20200309_20200311,2020-03-09 12:00:00
602,1584014400000,229.80909718766358,NASA_USDA_SMAP_SM20200312_20200314,2020-03-12 12:00:00
603,1584273600000,190.2795119895621,NASA_USDA_SMAP_SM20200315_20200317,2020-03-15 12:00:00
604,1584532800000,224.15265577782392,NASA_USDA_SMAP_SM20200318_20200320,2020-03-18 12:00:00
605,1584792000000,203.13564060080728,NASA_USDA_SMAP_SM20200321_20200323,2020-03-21 12:00:00
606,1585051200000,183.7991215829484,NASA_USDA_SMAP_SM20200324_20200326,2020-03-24 12:00:00
607,1585310400000,174.21802623908582,NASA_USDA_SMAP_SM20200327_20200329,2020-03-27 12:00:00
608,1585569600000,145.08676283438538,NASA_USDA_SMAP_SM20200330_20200401,2020-03-30 12:00:00
609,1585828800000,123.42495675568836,NASA_USDA_SMAP_SM20200402_20200404,2020-04-02 12:00:00
610,1586088000000,107.92543461338374,NASA_USDA_SMAP_SM20200405_20200407,2020-04-05 12:00:00
611,1586347200000,93.39644091068702,NASA_USDA_SMAP_SM20200408_20200410,2020-04-08 12:00:00
612,1586606400000,89.0343226429918,NASA_USDA_SMAP_SM20200411_20200413,2020-04-11 12:00:00
613,1586865600000,84.49516217308158,NASA_USDA_SMAP_SM20200414_20200416,2020-04-14 12:00:00
614,1587124800000,69.74375019851438,NASA_USDA_SMAP_SM20200417_20200419,2020-04-17 12:00:00
615,1587384000000,59.81782101247848,NASA_USDA_SMAP_SM20200420_20200422,2020-04-20 12:00:00
616,1587643200000,49.19657159509438,NASA_USDA_SMAP_SM20200423_20200425,2020-04-23 12:00:00
617,1587902400000,41.61330476500531,NASA_USDA_SMAP_SM20200426_20200428,2020-04-26 12:00:00
618,1588161600000,36.14771896226906,NASA_USDA_SMAP_SM20200429_20200501,2020-04-29 12:00:00
619,1588420800000,32.4884268833468,NASA_USDA_SMAP_SM20200502_20200504,2020-05-02 12:00:00
620,1588680000000,29.366990461092346,NASA_USDA_SMAP_SM20200505_20200507,2020-05-05 12:00:00
621,1588939200000,28.905543486850604,NASA_USDA_SMAP_SM20200508_20200510,2020-05-08 12:00:00
622,1589198400000,38.35172148302147,NASA_USDA_SMAP_SM20200511_20200513,2020-05-11 12:00:00
623,1589457600000,29.845094522884754,NASA_USDA_SMAP_SM20200514_20200516,2020-05-14 12:00:00
624,1589716800000,27.403023513814187,NASA_USDA_SMAP_SM20200517_20200519,2020-05-17 12:00:00
625,1589976000000,26.921813344452577,NASA_USDA_SMAP_SM20200520_20200522,2020-05-20 12:00:00
626,1590235200000,26.380968525411507,NASA_USDA_SMAP_SM20200523_20200525,2020-05-23 12:00:00
627,1590494400000,25.504760470941154,NASA_USDA_SMAP_SM20200526_20200528,2020-05-26 12:00:00
628,1590753600000,26.438008966876854,NASA_USDA_SMAP_SM20200529_20200531,2020-05-29 12:00:00
629,1591012800000,25.79088726431583,NASA_USDA_SMAP_SM20200601_20200603,2020-06-01 12:00:00
630,1591272000000,26.245728706745638,NASA_USDA_SMAP_SM20200604_20200606,2020-06-04 12:00:00
631,1591531200000,25.4396701775171,NASA_USDA_SMAP_SM20200607_20200609,2020-06-07 12:00:00
632,1591790400000,24.221660745546732,NASA_USDA_SMAP_SM20200610_20200612,2020-06-10 12:00:00
633,1592049600000,24.172618532304522,NASA_USDA_SMAP_SM20200613_20200615,2020-06-13 12:00:00
634,1592308800000,24.001016158545713,NASA_USDA_SMAP_SM20200616_20200618,2020-06-16 12:00:00
635,1592568000000,23.75572867563234,NASA_USDA_SMAP_SM20200619_20200621,2020-06-19 12:00:00
636,1592827200000,23.875752872833683,NASA_USDA_SMAP_SM20200622_20200624,2020-06-22 12:00:00
637,1593086400000,24.133617239879868,NASA_USDA_SMAP_SM20200625_20200627,2020-06-25 12:00:00
638,1593345600000,24.77158218987395,NASA_USDA_SMAP_SM20200628_20200630,2020-06-28 12:00:00
639,1593604800000,24.294266639821018,NASA_USDA_SMAP_SM20200701_20200703,2020-07-01 12:00:00
640,1593864000000,24.17693328775917,NASA_USDA_SMAP_SM20200704_20200706,2020-07-04 12:00:00
641,1594123200000,24.382342708922938,NASA_USDA_SMAP_SM20200707_20200709,2020-07-07 12:00:00
642,1594382400000,25.277731131020577,NASA_USDA_SMAP_SM20200710_20200712,2020-07-10 12:00:00
643,1594641600000,25.518137764418952,NASA_USDA_SMAP_SM20200713_20200715,2020-07-13 12:00:00
644,1594900800000,28.441258911995263,NASA_USDA_SMAP_SM20200716_20200718,2020-07-16 12:00:00
645,1595160000000,26.354730955672206,NASA_USDA_SMAP_SM20200719_20200721,2020-07-19 12:00:00
646,1595419200000,45.87677340808679,NASA_USDA_SMAP_SM20200722_20200724,2020-07-22 12:00:00
647,1595678400000,58.21128460251213,NASA_USDA_SMAP_SM20200725_20200727,2020-07-25 12:00:00
648,1595937600000,46.26734404307296,NASA_USDA_SMAP_SM20200728_20200730,2020-07-28 12:00:00
649,1596196800000,40.6949603874373,NASA_USDA_SMAP_SM20200731_20200802,2020-07-31 12:00:00
650,1596456000000,37.07525348803961,NASA_USDA_SMAP_SM20200803_20200805,2020-08-03 12:00:00
651,1596715200000,32.14405291423835,NASA_USDA_SMAP_SM20200806_20200808,2020-08-06 12:00:00
652,1596974400000,28.928224966682745,NASA_USDA_SMAP_SM20200809_20200811,2020-08-09 12:00:00
653,1597233600000,28.084608587494476,NASA_USDA_SMAP_SM20200812_20200814,2020-08-12 12:00:00
654,1597492800000,27.569453695923144,NASA_USDA_SMAP_SM20200815_20200817,2020-08-15 12:00:00
655,1597752000000,32.12267078181312,NASA_USDA_SMAP_SM20200818_20200820,2020-08-18 12:00:00
656,1598011200000,37.5029241885541,NASA_USDA_SMAP_SM20200821_20200823,2020-08-21 12:00:00
657,1598270400000,37.98090062016864,NASA_USDA_SMAP_SM20200824_20200826,2020-08-24 12:00:00
658,1598529600000,36.481299288938295,NASA_USDA_SMAP_SM20200827_20200829,2020-08-27 12:00:00
659,1598788800000,40.82130520217355,NASA_USDA_SMAP_SM20200830_20200901,2020-08-30 12:00:00
660,1599048000000,35.26277088910238,NASA_USDA_SMAP_SM20200902_20200904,2020-09-02 12:00:00
661,1599307200000,31.21255611926405,NASA_USDA_SMAP_SM20200905_20200907,2020-09-05 12:00:00
662,1599566400000,55.98997190835624,NASA_USDA_SMAP_SM20200908_20200910,2020-09-08 12:00:00
663,1599825600000,39.03062703196648,NASA_USDA_SMAP_SM20200911_20200913,2020-09-11 12:00:00
664,1600084800000,34.51978851550408,NASA_USDA_SMAP_SM20200914_20200916,2020-09-14 12:00:00
665,1600344000000,31.61101069184834,NASA_USDA_SMAP_SM20200917_20200919,2020-09-17 12:00:00
666,1600603200000,30.285786110294268,NASA_USDA_SMAP_SM20200920_20200922,2020-09-20 12:00:00
667,1600862400000,30.227046746755097,NASA_USDA_SMAP_SM20200923_20200925,2020-09-23 12:00:00
668,1601121600000,29.595020645110836,NASA_USDA_SMAP_SM20200926_20200928,2020-09-26 12:00:00
669,1601380800000,29.231052640600748,NASA_USDA_SMAP_SM20200929_20201001,2020-09-29 12:00:00
670,1601640000000,28.200899290401242,NASA_USDA_SMAP_SM20201002_20201004,2020-10-02 12:00:00
671,1601899200000,28.420409114191596,NASA_USDA_SMAP_SM20201005_20201007,2020-10-05 12:00:00
672,1602158400000,28.88945146513053,NASA_USDA_SMAP_SM20201008_20201010,2020-10-08 12:00:00
673,1602417600000,29.9175789476003,NASA_USDA_SMAP_SM20201011_20201013,2020-10-11 12:00:00
674,1602676800000,29.194209255666546,NASA_USDA_SMAP_SM20201014_20201016,2020-10-14 12:00:00
675,1602936000000,29.77235153495417,NASA_USDA_SMAP_SM20201017_20201019,2020-10-17 12:00:00
676,1603195200000,30.209852670580386,NASA_USDA_SMAP_SM20201020_20201022,2020-10-20 12:00:00
677,1603454400000,31.13623758325618,NASA_USDA_SMAP_SM20201023_20201025,2020-10-23 12:00:00
678,1603713600000,67.2957345549808,NASA_USDA_SMAP_SM20201026_20201028,2020-10-26 12:00:00
679,1603972800000,47.663838091542324,NASA_USDA_SMAP_SM20201029_20201031,2020-10-29 12:00:00
680,1604232000000,43.70670647470902,NASA_USDA_SMAP_SM20201101_20201103,2020-11-01 12:00:00
681,1604491200000,42.209477848606426,NASA_USDA_SMAP_SM20201104_20201106,2020-11-04 12:00:00
682,1604750400000,72.57413176430016,NASA_USDA_SMAP_SM20201107_20201109,2020-11-07 12:00:00
683,1605009600000,72.89662225096397,NASA_USDA_SMAP_SM20201110_20201112,2020-11-10 12:00:00
684,1605268800000,66.96778751918391,NASA_USDA_SMAP_SM20201113_20201115,2020-11-13 12:00:00
685,1605528000000,61.839066598112716,NASA_USDA_SMAP_SM20201116_20201118,2020-11-16 12:00:00
686,1605787200000,59.55760148657461,NASA_USDA_SMAP_SM20201119_20201121,2020-11-19 12:00:00
687,1606046400000,57.60078816823614,NASA_USDA_SMAP_SM20201122_20201124,2020-11-22 12:00:00
688,1606305600000,54.78679102574745,NASA_USDA_SMAP_SM20201125_20201127,2020-11-25 12:00:00
689,1606564800000,52.6756469077437,NASA_USDA_SMAP_SM20201128_20201130,2020-11-28 12:00:00
690,1606824000000,50.452738356251274,NASA_USDA_SMAP_SM20201201_20201203,2020-12-01 12:00:00
691,1607083200000,49.56711463392244,NASA_USDA_SMAP_SM20201204_20201206,2020-12-04 12:00:00
692,1607342400000,46.28528114750919,NASA_USDA_SMAP_SM20201207_20201209,2020-12-07 12:00:00
693,1607601600000,76.37525158976048,NASA_USDA_SMAP_SM20201210_20201212,2020-12-10 12:00:00
694,1607860800000,72.11791627285768,NASA_USDA_SMAP_SM20201213_20201215,2020-12-13 12:00:00
695,1608120000000,67.35684140822708,NASA_USDA_SMAP_SM20201216_20201218,2020-12-16 12:00:00
696,1608379200000,62.74040550861037,NASA_USDA_SMAP_SM20201219_20201221,2020-12-19 12:00:00
697,1608638400000,60.44553764657588,NASA_USDA_SMAP_SM20201222_20201224,2020-12-22 12:00:00
698,1608897600000,59.006907714124345,NASA_USDA_SMAP_SM20201225_20201227,2020-12-25 12:00:00
699,1609156800000,59.83583471587056,NASA_USDA_SMAP_SM20201228_20201230,2020-12-28 12:00:00
700,1609416000000,57.25455909333076,NASA_USDA_SMAP_SM20201231_20210102,2020-12-31 12:00:00
701,1609675200000,54.113200020842335,NASA_USDA_SMAP_SM20210103_20210105,2021-01-03 12:00:00
702,1609934400000,50.717378592624385,NASA_USDA_SMAP_SM20210106_20210108,2021-01-06 12:00:00
703,1610193600000,50.715884963229094,NASA_USDA_SMAP_SM20210109_20210111,2021-01-09 12:00:00
704,1610452800000,48.96810732001547,NASA_USDA_SMAP_SM20210112_20210114,2021-01-12 12:00:00
705,1610712000000,47.28253340165488,NASA_USDA_SMAP_SM20210115_20210117,2021-01-15 12:00:00
706,1610971200000,51.46261290766191,NASA_USDA_SMAP_SM20210118_20210120,2021-01-18 12:00:00
707,1611230400000,63.97557505724087,NASA_USDA_SMAP_SM20210121_20210123,2021-01-21 12:00:00
708,1611489600000,145.24942246268742,NASA_USDA_SMAP_SM20210124_20210126,2021-01-24 12:00:00
709,1611748800000,125.22790382028217,NASA_USDA_SMAP_SM20210127_20210129,2021-01-27 12:00:00
710,1612008000000,146.72673582904036,NASA_USDA_SMAP_SM20210130_20210201,2021-01-30 12:00:00
711,1612267200000,117.41873569019691,NASA_USDA_SMAP_SM20210202_20210204,2021-02-02 12:00:00
712,1612526400000,113.89507755850674,NASA_USDA_SMAP_SM20210205_20210207,2021-02-05 12:00:00
713,1612785600000,104.49944213051828,NASA_USDA_SMAP_SM20210208_20210210,2021-02-08 12:00:00
714,1613044800000,98.00740042330132,NASA_USDA_SMAP_SM20210211_20210213,2021-02-11 12:00:00
715,1613304000000,155.1151043921033,NASA_USDA_SMAP_SM20210214_20210216,2021-02-14 12:00:00
716,1613563200000,127.00594143330672,NASA_USDA_SMAP_SM20210217_20210219,2021-02-17 12:00:00
717,1613822400000,112.70253502848921,NASA_USDA_SMAP_SM20210220_20210222,2021-02-20 12:00:00
718,1614081600000,97.98750341422952,NASA_USDA_SMAP_SM20210223_20210225,2021-02-23 12:00:00
719,1614340800000,90.64102526890754,NASA_USDA_SMAP_SM20210226_20210228,2021-02-26 12:00:00
720,1614600000000,82.85741877169316,NASA_USDA_SMAP_SM20210301_20210303,2021-03-01 12:00:00
721,1614859200000,75.02153733791256,NASA_USDA_SMAP_SM20210304_20210306,2021-03-04 12:00:00
722,1615118400000,65.69097702593281,NASA_USDA_SMAP_SM20210307_20210309,2021-03-07 12:00:00
723,1615377600000,64.04221174024055,NASA_USDA_SMAP_SM20210310_20210312,2021-03-10 12:00:00
724,1615636800000,93.24969347533204,NASA_USDA_SMAP_SM20210313_20210315,2021-03-13 12:00:00
725,1615896000000,86.13317257201747,NASA_USDA_SMAP_SM20210316_20210318,2021-03-16 12:00:00
726,1616155200000,75.09175055200093,NASA_USDA_SMAP_SM20210319_20210321,2021-03-19 12:00:00
727,1616414400000,74.76507347211704,NASA_USDA_SMAP_SM20210322_20210324,2021-03-22 12:00:00
728,1616673600000,76.45419969933225,NASA_USDA_SMAP_SM20210325_20210327,2021-03-25 12:00:00
729,1616932800000,64.6527703402875,NASA_USDA_SMAP_SM20210328_20210330,2021-03-28 12:00:00
730,1617192000000,54.77350116470876,NASA_USDA_SMAP_SM20210331_20210402,2021-03-31 12:00:00
731,1617451200000,48.58058525567328,NASA_USDA_SMAP_SM20210403_20210405,2021-04-03 12:00:00
732,1617710400000,42.83557712938517,NASA_USDA_SMAP_SM20210406_20210408,2021-04-06 12:00:00
733,1617969600000,38.92497310430832,NASA_USDA_SMAP_SM20210409_20210411,2021-04-09 12:00:00
734,1618228800000,35.583755368180654,NASA_USDA_SMAP_SM20210412_20210414,2021-04-12 12:00:00
735,1618488000000,33.9433809549079,NASA_USDA_SMAP_SM20210415_20210417,2021-04-15 12:00:00
736,1618747200000,33.85930643924796,NASA_USDA_SMAP_SM20210418_20210420,2021-04-18 12:00:00
737,1619006400000,30.750934330281186,NASA_USDA_SMAP_SM20210421_20210423,2021-04-21 12:00:00
738,1619265600000,29.421173989482366,NASA_USDA_SMAP_SM20210424_20210426,2021-04-24 12:00:00
739,1619524800000,43.51279589999637,NASA_USDA_SMAP_SM20210427_20210429,2021-04-27 12:00:00
740,1619784000000,33.483792754853916,NASA_USDA_SMAP_SM20210430_20210502,2021-04-30 12:00:00
741,1620043200000,30.9869859789991,NASA_USDA_SMAP_SM20210503_20210505,2021-05-03 12:00:00
742,1620302400000,27.99482938747853,NASA_USDA_SMAP_SM20210506_20210508,2021-05-06 12:00:00
743,1620561600000,27.25861180180395,NASA_USDA_SMAP_SM20210509_20210511,2021-05-09 12:00:00
744,1620820800000,25.889100654499604,NASA_USDA_SMAP_SM20210512_20210514,2021-05-12 12:00:00
745,1621080000000,25.548688284434622,NASA_USDA_SMAP_SM20210515_20210517,2021-05-15 12:00:00
746,1621339200000,25.7498348555921,NASA_USDA_SMAP_SM20210518_20210520,2021-05-18 12:00:00
747,1621598400000,27.49561590959627,NASA_USDA_SMAP_SM20210521_20210523,2021-05-21 12:00:00
748,1621857600000,25.391877502985327,NASA_USDA_SMAP_SM20210524_20210526,2021-05-24 12:00:00
749,1622116800000,24.756263794150993,NASA_USDA_SMAP_SM20210527_20210529,2021-05-27 12:00:00
750,1622376000000,24.63704921783885,NASA_USDA_SMAP_SM20210530_20210601,2021-05-30 12:00:00
751,1622635200000,24.914867108474525,NASA_USDA_SMAP_SM20210602_20210604,2021-06-02 12:00:00
752,1622894400000,24.692427714186703,NASA_USDA_SMAP_SM20210605_20210607,2021-06-05 12:00:00
753,1623153600000,24.659462584799655,NASA_USDA_SMAP_SM20210608_20210610,2021-06-08 12:00:00
754,1623412800000,24.338297749269383,NASA_USDA_SMAP_SM20210611_20210613,2021-06-11 12:00:00
755,1623672000000,24.623097132597167,NASA_USDA_SMAP_SM20210614_20210616,2021-06-14 12:00:00
756,1623931200000,24.545099037442995,NASA_USDA_SMAP_SM20210617_20210619,2021-06-17 12:00:00
757,1624190400000,24.62488098560871,NASA_USDA_SMAP_SM20210620_20210622,2021-06-20 12:00:00
758,1624449600000,29.027524029248312,NASA_USDA_SMAP_SM20210623_20210625,2021-06-23 12:00:00
759,1624708800000,25.441463566140886,NASA_USDA_SMAP_SM20210626_20210628,2021-06-26 12:00:00
760,1624968000000,29.553728918929007,NASA_USDA_SMAP_SM20210629_20210701,2021-06-29 12:00:00
761,1625227200000,52.38667845476644,NASA_USDA_SMAP_SM20210702_20210704,2021-07-02 12:00:00
762,1625486400000,41.64559308967505,NASA_USDA_SMAP_SM20210705_20210707,2021-07-05 12:00:00
763,1625745600000,40.93751870150833,NASA_USDA_SMAP_SM20210708_20210710,2021-07-08 12:00:00
764,1626004800000,39.897640604303305,NASA_USDA_SMAP_SM20210711_20210713,2021-07-11 12:00:00
765,1626264000000,48.733011844027736,NASA_USDA_SMAP_SM20210714_20210716,2021-07-14 12:00:00
766,1626523200000,72.83356845437015,NASA_USDA_SMAP_SM20210717_20210719,2021-07-17 12:00:00
767,1626782400000,53.54519606746869,NASA_USDA_SMAP_SM20210720_20210722,2021-07-20 12:00:00
768,1627041600000,150.0406293782086,NASA_USDA_SMAP_SM20210723_20210725,2021-07-23 12:00:00
769,1627300800000,125.13588524265471,NASA_USDA_SMAP_SM20210726_20210728,2021-07-26 12:00:00
770,1627560000000,111.09347966404884,NASA_USDA_SMAP_SM20210729_20210731,2021-07-29 12:00:00
